mode,m,seed,tasks_finished,throughput_per_step,primary_succeeds,primary_nosol,fallback_used,total_plans,expected_plans,has_done,jump_err,invalid_err,system_success,pure_section,sum_runtime,sum_hl_expanded,sum_hl_generated,sum_sol_cost,sum_min_sum_cost,sum_avg_path_len,sum_num_collisions,sum_runtime_plan_paths,sum_runtime_rt,sum_runtime_get_hp,sum_runtime_copy_prio,sum_runtime_detect_conf,sum_runtime_copy_conf,sum_runtime_choose_conf,sum_runtime_find_consistent,sum_runtime_find_replan,max_runtime,max_hl_expanded,max_hl_generated,max_sol_cost,max_min_sum_cost,max_avg_path_len,max_num_collisions,max_runtime_plan_paths,max_runtime_rt,max_runtime_get_hp,max_runtime_copy_prio,max_runtime_detect_conf,max_runtime_copy_conf,max_runtime_choose_conf,max_runtime_find_consistent,max_runtime_find_replan,wall_time_sec
section,700,1,103015,20.603,986,14,14,1000,1000,1,0,0,1,0,184.49153200000015,291209.0,569079.0,20457195.0,20257156.0,29224.5688,225862.0,20.497898999999975,5.304293000000007,0.4940610000000003,6.1605050000000015,132.50271100000003,1.6080010000000007,0.0,42.893178999999996,16.12417000000001,1.18757,4078.0,7896.0,24528.0,24327.0,35.04,274.0,0.209486,0.376205,0.020706,0.140291,0.274181,0.006712,0.0,0.791557,0.051767,426.1574821472168
section,700,2,103193,20.6386,996,4,4,1000,1000,1,0,0,1,0,191.0917140000001,298293.0,580419.0,20672745.0,20471065.0,29532.504100000006,226789.0,20.874746999999996,5.319689999999996,0.5048269999999998,6.2720100000000025,138.12149800000017,1.6254940000000024,0.0,43.63932700000001,16.202632999999995,1.80398,9382.0,16153.0,24595.0,24414.0,35.1357,274.0,0.338855,0.280026,0.014194,0.356456,0.4357,0.012193,0.0,0.96087,0.046884,358.9401979446411
section,700,3,103410,20.682,986,14,14,1000,1000,1,0,0,1,0,203.77223399999988,286433.0,559777.0,20343514.0,20143287.0,29062.165900000004,223793.0,20.268334000000014,5.075911999999998,0.5098219999999997,5.865525999999995,153.27047200000032,1.6243660000000002,0.0,42.16123099999998,15.889593000000021,0.266226,367.0,711.0,23610.0,23439.0,33.7286,271.0,0.030202,0.010438,0.000799,0.045931,0.185425,0.002649,0.0,0.073273,0.027523,456.39562916755676
section,700,4,103371,20.6742,996,4,4,1000,1000,1,0,0,1,0,199.2449700000001,291596.0,569709.0,20612292.0,20411238.0,29446.135799999985,227860.0,21.26248200000001,5.4176049999999965,0.5614259999999993,6.230069000000001,145.2912269999999,1.691272,0.0,44.119457999999945,16.690732999999984,0.523386,1707.0,3263.0,24293.0,24087.0,34.7043,276.0,0.069625,0.153144,0.007897,0.056607,0.177201,0.003062,0.0,0.292919,0.029485,375.7584698200226
section,700,5,103109,20.6218,991,9,9,1000,1000,1,0,0,1,0,187.20004000000029,291715.0,569963.0,20570417.0,20371673.0,29386.31690000004,225176.0,20.686847000000004,5.671427000000009,0.5093869999999996,6.0855959999999945,135.04562200000004,1.5699270000000003,0.0,43.17720000000006,15.854970000000002,1.48149,3985.0,7684.0,24395.0,24203.0,34.85,270.0,0.255035,0.618573,0.027707,0.146736,0.258152,0.006269,0.0,1.06146,0.066516,389.9072859287262
section,700,6,103398,20.6796,986,14,14,1000,1000,1,0,0,1,0,203.51834799999986,310565.0,605527.0,20355263.0,20152755.0,29078.951900000004,226457.0,21.069871000000013,6.048293999999999,0.567503999999999,6.802501999999997,148.8392749999999,1.685040000000001,0.0,45.33398999999991,16.42173100000001,3.9836,19738.0,37682.0,24377.0,24186.0,34.8243,277.0,0.696391,0.837049,0.049941,0.750044,0.893965,0.027686,0.0,2.30083,0.11025,470.28543305397034
section,700,7,103676,20.7352,986,14,14,1000,1000,1,0,0,1,0,223.27718399999986,293335.0,572639.0,20308950.0,20103471.0,29012.78670000001,228123.0,20.417844000000006,5.372436000000004,0.566135,6.111887000000011,170.70111000000014,1.6901500000000018,0.0,43.79099100000005,16.62212799999998,0.270867,372.0,723.0,23921.0,23720.0,34.1729,283.0,0.02725,0.011044,0.000865,0.03495,0.204009,0.002514,0.0,0.070318,0.028549,500.77288603782654
section,700,8,103355,20.671,987,13,13,1000,1000,1,0,0,1,0,212.7112740000003,293667.0,573390.0,20347188.0,20143681.0,29067.415700000012,227043.0,20.762416000000016,5.702419000000005,0.6304119999999993,6.254823999999999,158.0063009999999,1.7160009999999997,0.0,44.220206,16.563206999999988,0.994202,3169.0,6013.0,24693.0,24484.0,35.2757,287.0,0.172018,0.246678,0.03393,0.12581,0.281842,0.007161,0.0,0.586852,0.04352,467.90214681625366
section,700,9,103248,20.6496,988,12,12,1000,1000,1,0,0,1,0,204.77457199999978,290399.0,567089.0,20358498.0,20155668.0,29083.575200000003,226225.0,20.603418,5.211963999999998,0.540064,6.110680999999994,152.53511600000004,1.6640720000000002,0.0,43.21043999999996,16.528658,0.276523,387.0,734.0,24522.0,24325.0,35.0314,270.0,0.029353,0.011849,0.000852,0.047668,0.181958,0.002533,0.0,0.071261,0.029482,443.509290933609
section,700,10,103510,20.702,990,10,10,1000,1000,1,0,0,1,0,191.40469600000003,291860.0,570041.0,20393309.0,20188976.0,29133.310300000023,227685.0,20.60156899999998,5.187440999999998,0.5093229999999996,6.157427,138.3351690000002,1.6436300000000033,0.0,43.742864000000004,16.732473999999986,0.235871,418.0,802.0,24462.0,24289.0,34.9457,296.0,0.029848,0.010851,0.000826,0.034993,0.16446,0.002443,0.0,0.069678,0.031812,397.6890821456909
section,700,11,103316,20.6632,981,19,19,1000,1000,1,0,0,1,0,174.59441199999983,282751.0,552743.0,20272828.0,20076143.0,28961.186399999995,221471.0,19.30596299999997,4.578808000000004,0.4585589999999998,5.549067000000005,127.0021830000001,1.4903309999999976,0.0,39.346116000000066,14.70952600000003,0.226174,370.0,716.0,24175.0,23960.0,34.5357,270.0,0.028032,0.009297,0.001064,0.040917,0.154046,0.002263,0.0,0.065928,0.025079,431.70512890815735
section,700,12,103087,20.6174,985,15,15,1000,1000,1,0,0,1,0,182.66716600000035,290475.0,567281.0,20373116.0,20172011.0,29104.46009999996,226271.0,19.576617000000027,4.866659,0.47618700000000014,5.845085999999992,133.29180000000008,1.5604500000000012,0.0,41.04471600000005,15.46912500000002,0.439146,1869.0,3412.0,24260.0,24072.0,34.6571,278.0,0.071687,0.061107,0.003298,0.053647,0.186943,0.003163,0.0,0.19839,0.029441,417.68177580833435
section,700,13,103726,20.7452,986,14,14,1000,1000,1,0,0,1,0,179.7406919999999,289693.0,565934.0,20288365.0,20087035.0,28983.37929999997,225070.0,19.356826000000005,4.846668999999994,0.47691599999999995,5.754086000000006,130.79956900000013,1.5263360000000004,0.0,40.46930599999996,15.218718999999982,0.408814,1313.0,2574.0,23695.0,23497.0,33.85,273.0,0.065364,0.073928,0.003817,0.048117,0.162608,0.003472,0.0,0.197496,0.029886,408.58703684806824
section,700,14,103518,20.7036,983,17,17,1000,1000,1,0,0,1,0,187.97391800000008,328786.0,637929.0,20297824.0,20098290.0,28996.9012,224673.0,21.068332999999985,8.86082600000001,0.6819370000000003,7.312442000000002,130.047817,1.574731,0.0,47.78015700000008,15.619326000000001,8.42478,27192.0,50133.0,24081.0,23867.0,34.4014,274.0,1.38161,3.71454,0.192654,1.05389,1.0493,0.033201,0.0,6.16307,0.326286,428.9429121017456
section,700,15,103477,20.6954,981,19,19,1000,1000,1,0,0,1,0,175.92686500000025,288545.0,563788.0,20227950.0,20026989.0,28897.073399999983,225497.0,19.62029599999998,4.768996000000004,0.4585299999999999,5.789320999999996,126.88408699999992,1.5637699999999994,0.0,40.49776999999999,15.374296,0.217973,469.0,923.0,24790.0,24591.0,35.4143,275.0,0.027539,0.011001,0.000777,0.038419,0.151824,0.002325,0.0,0.069365,0.025792,433.8618800640106
section,700,16,103517,20.7034,987,13,13,1000,1000,1,0,0,1,0,177.45419599999985,288946.0,564403.0,20383952.0,20182020.0,29119.938200000004,226035.0,19.386910999999998,4.774483999999996,0.46736800000000017,5.696452000000001,128.72315100000017,1.542663,0.0,40.58343699999997,15.326067000000004,0.22833,374.0,722.0,23894.0,23674.0,34.1343,271.0,0.029054,0.035969,0.000766,0.040601,0.151268,0.002345,0.0,0.06739,0.024894,399.1921479701996
section,700,17,103229,20.6458,986,14,14,1000,1000,1,0,0,1,0,176.39027899999988,293318.0,572947.0,20419920.0,20219111.0,29171.31499999999,224884.0,19.817577000000018,5.021772999999998,0.4776609999999992,6.086618999999998,126.1483239999999,1.5476570000000007,0.0,41.15023800000002,15.356504,0.732446,2873.0,5642.0,24482.0,24257.0,34.9743,284.0,0.111977,0.163012,0.008455,0.109942,0.224435,0.004878,0.0,0.424788,0.034449,403.6939709186554
section,700,18,103426,20.6852,990,10,10,1000,1000,1,0,0,1,0,177.9098690000002,302980.0,590687.0,20492937.0,20294753.0,29275.63099999999,224212.0,19.714952999999987,5.065111999999994,0.4801269999999996,6.617293,127.31383999999997,1.5044069999999994,0.0,41.034994999999974,14.914449999999986,3.26142,19133.0,35553.0,23962.0,23764.0,34.2314,279.0,0.525725,0.523258,0.028827,0.692155,0.767303,0.023459,0.0,1.77178,0.113188,372.31473875045776
section,700,19,103332,20.6664,988,12,12,1000,1000,1,0,0,1,0,177.18457200000006,288361.0,563383.0,20425546.0,20222780.0,29179.356599999992,226559.0,19.447814999999988,4.691145999999996,0.4520109999999999,5.699329999999992,128.2512780000001,1.5291329999999987,0.0,40.441719999999954,15.371668,0.222445,373.0,717.0,24296.0,24063.0,34.7086,273.0,0.029625,0.008656,0.000687,0.018769,0.153456,0.002619,0.0,0.078203,0.034242,389.4602007865906
section,700,20,102974,20.5948,985,15,15,1000,1000,1,0,0,1,0,180.98205100000013,290499.0,567902.0,20420244.0,20223717.0,29171.789799999995,223173.0,19.749840999999993,4.872131,0.4766139999999998,5.802053999999994,131.525997,1.5111770000000013,0.0,40.283855999999965,14.848354999999978,1.42963,7159.0,13772.0,23697.0,23523.0,33.8529,272.0,0.264081,0.317884,0.016527,0.248805,0.338192,0.009068,0.0,0.852199,0.046117,404.2847852706909
section,700,21,103272,20.6544,990,10,10,1000,1000,1,0,0,1,0,178.25957099999985,307350.0,595813.0,20454325.0,20251602.0,29220.466700000037,227011.0,20.056700999999975,5.688016999999997,0.5051059999999999,6.186624000000004,126.68889200000017,1.5584389999999997,0.0,42.15007499999999,15.496935999999993,3.1974,15104.0,24876.0,24747.0,24500.0,35.3529,270.0,0.579287,0.827153,0.039779,0.502335,0.633689,0.01962,0.0,1.68112,0.171104,374.6814000606537
section,700,22,103511,20.7022,991,9,9,1000,1000,1,0,0,1,0,177.90166400000004,288044.0,562751.0,20432679.0,20232828.0,29189.547700000017,225288.0,19.25176099999999,4.725736000000004,0.4656110000000002,5.656261,129.362847,1.5231489999999976,0.0,40.06370799999997,15.148351999999992,0.273664,769.0,1485.0,24631.0,24399.0,35.1871,272.0,0.039375,0.03154,0.00177,0.037156,0.151426,0.00248,0.0,0.10564,0.0273,373.7969033718109
section,700,23,103027,20.6054,986,14,14,1000,1000,1,0,0,1,0,174.63400199999992,284847.0,556717.0,20474430.0,20276718.0,29249.18729999999,223554.0,19.254777999999988,4.715792000000005,0.46050900000000017,5.50584399999999,126.77693000000001,1.5075640000000008,0.0,39.328289999999996,14.750457999999993,0.474638,1135.0,2085.0,25009.0,24811.0,35.7271,277.0,0.072375,0.148989,0.008094,0.039222,0.163004,0.002543,0.0,0.272783,0.028508,396.20341300964355
section,700,24,103456,20.6912,980,20,20,1000,1000,1,0,0,1,0,183.62190700000008,289688.0,565937.0,20203177.0,20001861.0,28861.684799999988,224812.0,19.241598999999987,4.9335330000000015,0.4922980000000006,5.788223999999987,133.909886,1.552171999999998,0.0,41.07349400000002,15.684826999999991,0.398626,1457.0,2798.0,24296.0,24087.0,34.7086,274.0,0.060801,0.061505,0.003879,0.045062,0.170774,0.003156,0.0,0.189053,0.0271,451.9591989517212
section,700,25,103263,20.6526,987,13,13,1000,1000,1,0,0,1,0,177.40814199999983,288239.0,563266.0,20414939.0,20214052.0,29164.20340000001,225604.0,19.48627200000001,4.758178000000002,0.46601899999999946,5.717836999999992,127.8459520000002,1.5420769999999995,0.0,40.71293200000005,15.602691999999994,0.304844,649.0,1238.0,24142.0,23935.0,34.4886,280.0,0.040672,0.04991,0.002808,0.024734,0.157567,0.002805,0.0,0.144298,0.035611,394.6706602573395
section,700,26,103374,20.6748,982,18,18,1000,1000,1,0,0,1,0,179.49345399999999,294085.0,574000.0,20307376.0,20106016.0,29010.536100000016,224625.0,19.41795700000002,5.233367000000001,0.5073530000000002,6.052335000000003,128.73342100000008,1.5451219999999997,0.0,41.55007200000003,15.664842999999992,1.48817,6035.0,11254.0,24226.0,24024.0,34.6086,276.0,0.215442,0.409835,0.026225,0.213148,0.355526,0.008768,0.0,0.888449,0.087872,423.77640080451965
section,700,27,103108,20.6216,991,9,9,1000,1000,1,0,0,1,0,175.591784,285502.0,558267.0,20541695.0,20343185.0,29345.287400000005,225437.0,19.485542999999993,4.669238000000003,0.45491199999999965,5.589582000000003,127.20778000000003,1.5140219999999984,0.0,39.78103500000002,15.220380999999984,0.215201,412.0,785.0,24927.0,24721.0,35.61,280.0,0.026813,0.010942,0.000704,0.035249,0.149876,0.002358,0.0,0.069044,0.030319,366.5081880092621
section,700,28,103327,20.6654,987,13,13,1000,1000,1,0,0,1,0,177.78925099999987,285779.0,558705.0,20416313.0,20217122.0,29166.164099999976,224017.0,19.164579000000018,4.670636,0.462643,5.633160000000005,129.2829919999998,1.5050470000000005,0.0,39.670536000000034,15.166580000000009,0.24609,519.0,1005.0,25296.0,25118.0,36.1371,266.0,0.031065,0.02222,0.001339,0.035315,0.152631,0.002185,0.0,0.084814,0.031685,395.19276881217957
section,700,29,103230,20.646,986,14,14,1000,1000,1,0,0,1,0,192.43186599999999,286643.0,560131.0,20425371.0,20225358.0,29179.11030000001,224834.0,19.119742999999993,4.763135999999999,0.5204779999999999,5.617949000000008,143.63053599999984,1.5467219999999988,0.0,40.08683499999998,15.325142000000014,0.237181,382.0,748.0,24417.0,24237.0,34.8814,274.0,0.028453,0.034114,0.030469,0.00952,0.178394,0.002362,0.0,0.06314,0.026003,426.40646505355835
section,700,30,103152,20.6304,984,16,16,1000,1000,1,0,0,1,0,173.36308699999998,282925.0,553269.0,20396551.0,20199851.0,29137.93730000004,223143.0,18.81473300000001,4.449940999999995,0.45199499999999987,5.499742000000005,126.37159000000007,1.4724459999999997,0.0,38.592962999999976,14.621869999999994,0.233493,404.0,784.0,24715.0,24539.0,35.3071,271.0,0.027155,0.009213,0.000787,0.041761,0.153755,0.00229,0.0,0.065952,0.02876,398.82607197761536
baseline,700,1,102996,20.5992,1000,0,0,1000,1000,1,0,0,1,0,454.2896880000005,307390.0,615780.0,20731541.0,20533049.0,30616.487099999937,239940.0,20.203969999999998,43.39493400000005,0.540408000000001,6.319545999999994,237.8099559999999,1.396044999999998,0.17042299999999996,308.2501050000002,17.325855000000008,0.628019,376.0,753.0,24558.0,24365.0,36.0829,286.0,0.029102,0.062739,0.000857,0.009046,0.309093,0.001976,0.000252,0.479781,0.025367,574.2263162136078
baseline,700,2,103053,20.6106,1000,0,0,1000,1000,1,0,0,1,0,459.6596869999999,307429.0,615858.0,20784770.0,20585161.0,30692.528400000007,241360.0,20.338810000000016,43.65937799999999,0.5643039999999993,6.356310000000001,240.83640200000042,1.4107349999999996,0.17521899999999993,312.37612799999977,17.356295000000017,0.649998,376.0,753.0,25187.0,24961.0,36.9814,292.0,0.032896,0.064348,0.001055,0.009833,0.316417,0.002118,0.000247,0.500517,0.027213,580.8369979858398
baseline,700,3,103298,20.6596,1000,0,0,1000,1000,1,0,0,1,0,466.6952150000005,312722.0,626444.0,20682165.0,20479341.0,30545.950599999996,242842.0,20.658840000000026,45.17394599999999,0.5756960000000002,6.670940000000007,242.60145099999974,1.4764620000000006,0.17809400000000014,319.09964899999983,18.45208900000002,0.615764,389.0,779.0,23083.0,22904.0,33.9757,293.0,0.027166,0.061296,0.000952,0.009808,0.30649,0.002259,0.000235,0.464712,0.028508,587.2596170902252
baseline,700,4,103045,20.609,1000,0,0,1000,1000,1,0,0,1,0,452.0064520000001,306214.0,613428.0,20757910.0,20559600.0,30654.157899999955,240825.0,20.292785000000016,44.05941699999992,0.5377839999999998,6.3726609999999955,235.69102599999977,1.4086419999999993,0.17215599999999986,306.3921199999996,17.64948299999997,0.609992,383.0,767.0,24169.0,23951.0,35.5271,289.0,0.027355,0.068168,0.000892,0.010009,0.291411,0.002083,0.000241,0.460002,0.030695,570.3188478946686
baseline,700,5,103033,20.6066,1000,0,0,1000,1000,1,0,0,1,0,440.37793400000004,305043.0,611086.0,20776606.0,20579270.0,30680.864599999964,240429.0,20.31826599999999,44.051367999999954,0.5660999999999998,6.33183400000001,228.23157999999992,1.4029980000000017,0.17150300000000004,297.942591,17.572605000000006,0.597817,374.0,749.0,23599.0,23402.0,34.7129,285.0,0.02614,0.062998,0.000964,0.009981,0.294163,0.002087,0.000262,0.442387,0.02773,555.4623758792877
baseline,700,6,103517,20.7034,1000,0,0,1000,1000,1,0,0,1,0,462.44738800000016,313542.0,628084.0,20629963.0,20425920.0,30471.375000000007,244380.0,20.701980000000002,45.21876199999995,0.5686339999999993,6.681931000000002,239.37600900000015,1.467013,0.17682000000000023,316.7032110000003,18.48180999999999,0.720204,402.0,805.0,23885.0,23689.0,35.1214,290.0,0.03137,0.077267,0.001165,0.010666,0.343665,0.002105,0.000262,0.569761,0.029553,580.4425721168518
baseline,700,7,103557,20.7114,1000,0,0,1000,1000,1,0,0,1,0,455.106378,310423.0,621846.0,20623911.0,20421895.0,30462.72890000001,243432.0,20.45385799999999,44.69612699999994,0.5815239999999995,6.536357999999994,235.67554999999982,1.4402080000000002,0.1764560000000001,310.16783900000024,18.251561999999982,0.646943,399.0,799.0,24330.0,24145.0,35.7571,300.0,0.029541,0.065523,0.00119,0.010124,0.314754,0.002157,0.000246,0.498593,0.030521,572.1977190971375
baseline,700,8,103477,20.6954,1000,0,0,1000,1000,1,0,0,1,0,456.8503780000002,310934.0,622868.0,20563612.0,20360859.0,30376.589800000027,242977.0,20.342610000000025,44.27155099999999,0.5755569999999993,6.549587000000003,237.52076600000004,1.4441710000000008,0.18036400000000005,311.59349599999996,17.955282999999984,0.62532,389.0,779.0,24810.0,24641.0,36.4429,293.0,0.027399,0.066444,0.00096,0.010222,0.30464,0.002071,0.000243,0.475599,0.029166,575.0672738552094
baseline,700,9,103241,20.6482,1000,0,0,1000,1000,1,0,0,1,0,457.09996899999993,312441.0,625882.0,20572792.0,20369141.0,30389.70219999997,242926.0,20.385944000000023,44.567511000000046,0.5565419999999993,6.5865809999999945,236.90609100000023,1.4390160000000005,0.17298599999999986,312.60306399999973,18.192698000000018,0.644447,374.0,749.0,24375.0,24222.0,35.8214,287.0,0.028083,0.066215,0.001066,0.009529,0.315077,0.002095,0.000238,0.499635,0.028949,574.1936240196228
baseline,700,10,103235,20.647,1000,0,0,1000,1000,1,0,0,1,0,467.8485520000002,313082.0,627164.0,20620858.0,20415862.0,30458.368799999957,243643.0,20.48855200000002,44.620139,0.6044719999999996,6.6375250000000054,243.70937200000023,1.4616940000000007,0.18649399999999988,320.2933050000002,18.097061999999994,0.657022,411.0,823.0,24338.0,24148.0,35.7686,291.0,0.026962,0.064587,0.00102,0.011063,0.31926,0.002243,0.000266,0.501482,0.031163,588.1758599281311
baseline,700,11,102963,20.5926,1000,0,0,1000,1000,1,0,0,1,0,452.3941559999995,310347.0,621694.0,20721343.0,20520530.0,30601.91819999997,240781.0,20.655937999999985,44.561482999999924,0.5575379999999994,6.592813000000008,233.67984799999988,1.4242879999999998,0.17417900000000006,308.3378569999999,18.13852299999997,0.604209,386.0,773.0,23823.0,23622.0,35.0329,284.0,0.030858,0.063466,0.00093,0.010083,0.291257,0.002049,0.000247,0.458299,0.028647,568.3176717758179
baseline,700,12,102788,20.5576,1000,0,0,1000,1000,1,0,0,1,0,471.02086999999943,310815.0,622630.0,20689999.0,20487208.0,30557.143,241840.0,20.64627500000002,44.84227399999999,0.5847839999999994,6.934439999999996,245.37925400000006,1.4515270000000007,0.17963599999999996,320.893567,18.222720999999975,0.660568,380.0,761.0,24163.0,23902.0,35.5186,292.0,0.029979,0.065224,0.000916,0.010083,0.325396,0.002144,0.000254,0.498558,0.028971,592.7707741260529
baseline,700,13,103301,20.6602,1000,0,0,1000,1000,1,0,0,1,0,460.149650999999,310340.0,621680.0,20636401.0,20434990.0,30480.571599999992,242766.0,20.419486999999982,44.577813,0.576554,6.550996999999992,239.20330899999993,1.4496769999999983,0.17513700000000026,313.7993320000001,18.18517499999999,0.595296,399.0,799.0,23439.0,23261.0,34.4843,287.0,0.026336,0.06032,0.000957,0.010145,0.298762,0.002032,0.000242,0.447477,0.029567,578.6351819038391
baseline,700,14,103063,20.6126,1000,0,0,1000,1000,1,0,0,1,0,450.83133499999997,308690.0,618380.0,20762564.0,20562676.0,30660.806099999998,242199.0,20.539994999999994,44.32244999999994,0.5391089999999992,6.527638999999998,233.84675700000017,1.4218320000000007,0.1697740000000002,306.6651199999997,18.049691999999983,0.590223,375.0,751.0,23999.0,23792.0,35.2843,294.0,0.02782,0.061449,0.000941,0.009315,0.289151,0.00223,0.000234,0.446031,0.027525,567.4940938949585
baseline,700,15,103671,20.7342,1000,0,0,1000,1000,1,0,0,1,0,472.86355199999963,310183.0,621366.0,20625603.0,20424385.0,30465.14610000001,242325.0,20.490934999999983,44.70613399999994,0.5838170000000001,6.590333,247.67798600000023,1.4535889999999974,0.17622900000000002,322.30824399999983,18.118258000000015,0.632282,393.0,787.0,25119.0,24943.0,36.8843,290.0,0.02672,0.062385,0.000926,0.010517,0.305363,0.002254,0.00024,0.476413,0.030994,595.4641861915588
baseline,700,16,103285,20.657,1000,0,0,1000,1000,1,0,0,1,0,456.0830239999993,309836.0,620672.0,20707103.0,20505506.0,30581.575599999993,242375.0,20.437047000000028,44.54448300000004,0.5649050000000001,6.567750000000005,236.79413899999994,1.4370249999999996,0.17461499999999977,310.8286219999998,18.025372999999966,0.59738,377.0,755.0,24241.0,24066.0,35.63,290.0,0.027162,0.063296,0.000875,0.009267,0.291903,0.002036,0.000246,0.451439,0.026597,573.5167360305786
baseline,700,17,103111,20.6222,1000,0,0,1000,1000,1,0,0,1,0,457.88708700000007,311412.0,623824.0,20698561.0,20495174.0,30569.373200000005,242864.0,20.55939799999998,44.90859800000005,0.5877160000000006,6.6467139999999985,237.11947599999962,1.4523170000000007,0.1759169999999998,312.84248099999985,18.306769000000003,0.587532,391.0,783.0,24139.0,23971.0,35.4843,293.0,0.027946,0.061113,0.000908,0.009731,0.289463,0.0021,0.000263,0.433598,0.027944,574.9433352947235
baseline,700,18,102720,20.544,1000,0,0,1000,1000,1,0,0,1,0,453.133804,309117.0,619234.0,20796692.0,20596284.0,30709.55809999997,241098.0,20.63699800000002,44.46308200000002,0.5478450000000002,6.514208000000002,235.42825899999983,1.4240549999999994,0.17214400000000013,308.562545,18.046791999999993,0.596716,396.0,793.0,23924.0,23738.0,35.1771,286.0,0.02752,0.060377,0.000813,0.010403,0.292134,0.002072,0.000234,0.448445,0.02774,569.9303998947144
baseline,700,19,103164,20.6328,1000,0,0,1000,1000,1,0,0,1,0,456.93659899999994,310580.0,622160.0,20710551.0,20509814.0,30586.502900000032,243648.0,20.54709199999999,43.90493900000004,0.5599770000000002,6.637846999999995,237.39306999999982,1.4537169999999995,0.17682500000000023,311.38843900000006,18.318872999999968,0.602964,379.0,759.0,24413.0,24231.0,35.8757,288.0,0.026337,0.060683,0.000891,0.010138,0.295796,0.002103,0.000232,0.456189,0.028387,574.6783158779144
baseline,700,20,102544,20.5088,1000,0,0,1000,1000,1,0,0,1,0,477.49087099999934,312737.0,626474.0,20757469.0,20553212.0,30653.525700000027,243621.0,20.68097200000003,45.16202499999995,0.5980270000000012,6.668612000000007,249.2193920000003,1.4712990000000008,0.17823600000000028,326.89219500000036,18.40671899999999,0.624043,398.0,797.0,24192.0,24025.0,35.56,295.0,0.026807,0.060256,0.000848,0.010477,0.308182,0.002238,0.000254,0.46349,0.029351,599.8064379692078
baseline,700,21,103141,20.6282,1000,0,0,1000,1000,1,0,0,1,0,443.11823599999985,314503.0,630006.0,20642651.0,20437699.0,30489.502299999967,245217.0,19.46961899999998,41.58143099999997,0.5472020000000006,6.319498000000005,230.50452199999987,1.3831360000000001,0.17367499999999997,303.87972699999983,17.419834,0.642324,397.0,795.0,24134.0,23904.0,35.4771,297.0,0.026621,0.06287,0.00108,0.011002,0.31176,0.00205,0.000239,0.501485,0.028522,555.9623670578003
baseline,700,22,102922,20.5844,1000,0,0,1000,1000,1,0,0,1,0,448.3202959999999,307544.0,616088.0,20727816.0,20528512.0,30611.165399999965,241982.0,19.74086700000001,42.29712600000003,0.5330939999999998,6.167699999999993,234.67405399999998,1.383882999999999,0.17210100000000003,304.47643099999993,17.153044000000012,0.587592,400.0,801.0,24515.0,24353.0,36.0214,320.0,0.02556,0.05771,0.000815,0.009978,0.308042,0.002089,0.000242,0.424419,0.027699,564.6366319656372
baseline,700,23,102909,20.5818,1000,0,0,1000,1000,1,0,0,1,0,436.4294369999995,308341.0,617682.0,20747892.0,20548011.0,30639.845099999955,241230.0,19.610329000000014,42.428115999999946,0.5347589999999998,6.233155999999999,226.8141740000003,1.361148,0.1693730000000002,296.7338940000001,17.153981000000005,0.625034,394.0,789.0,25007.0,24822.0,36.7243,293.0,0.026703,0.06478,0.00089,0.010298,0.300601,0.002099,0.000236,0.477939,0.027544,548.7163808345795
baseline,700,24,103582,20.7164,1000,0,0,1000,1000,1,0,0,1,0,455.17858400000034,310515.0,622030.0,20618975.0,20417443.0,30455.677399999975,242468.0,19.654601000000014,42.26673399999999,0.5526049999999991,6.332681000000005,238.27104999999997,1.4029670000000012,0.17132399999999998,310.65941300000037,17.563926999999982,0.620873,381.0,763.0,24725.0,24556.0,36.3214,302.0,0.02743,0.059918,0.000807,0.00987,0.306896,0.002092,0.000244,0.477805,0.028917,572.4602701663971
baseline,700,25,103284,20.6568,1000,0,0,1000,1000,1,0,0,1,0,439.9134669999993,311386.0,623772.0,20692436.0,20490212.0,30560.622500000005,243080.0,19.617692999999974,42.686587,0.5736450000000002,6.284115000000003,228.03010799999993,1.4013170000000015,0.1767870000000002,300.12080899999984,17.501799000000013,0.593985,388.0,777.0,24146.0,23973.0,35.4943,290.0,0.026507,0.061283,0.000901,0.009809,0.290978,0.002068,0.000238,0.445516,0.027011,552.3389530181885
baseline,700,26,102983,20.5966,1000,0,0,1000,1000,1,0,0,1,0,471.3743950000003,313528.0,628056.0,20710024.0,20504584.0,30585.747999999974,243585.0,19.82001999999997,42.28278300000009,0.5589099999999995,6.412264999999994,248.03677200000038,1.426702999999999,0.17349199999999992,323.3892659999997,17.675381999999985,0.709944,426.0,853.0,24812.0,24597.0,36.4457,297.0,0.028782,0.066699,0.001171,0.011126,0.342299,0.002218,0.000268,0.559785,0.031062,592.3249220848083
baseline,700,27,103091,20.6182,1000,0,0,1000,1000,1,0,0,1,0,435.42592600000006,305898.0,612796.0,20710832.0,20512595.0,30586.9008,239689.0,19.42105900000001,41.83459999999995,0.528019,6.069304999999996,227.33070500000014,1.3316040000000013,0.16590800000000017,294.8495559999996,16.80167399999999,0.560055,374.0,749.0,25178.0,24990.0,36.9686,295.0,0.027416,0.058791,0.000916,0.009532,0.280419,0.001963,0.000223,0.421061,0.026217,548.7975151538849
baseline,700,28,103231,20.6462,1000,0,0,1000,1000,1,0,0,1,0,451.17800400000016,309013.0,619026.0,20729119.0,20528880.0,30613.026600000034,241314.0,19.43552900000001,41.83929399999999,0.5882979999999999,6.1546620000000045,236.6415860000002,1.378548999999999,0.17643500000000042,307.0565939999996,16.877066,0.720622,392.0,785.0,24089.0,23931.0,35.4129,298.0,0.025615,0.060164,0.001163,0.00994,0.37045,0.002062,0.000264,0.538283,0.026572,568.1382591724396
baseline,700,29,102984,20.5968,1000,0,0,1000,1000,1,0,0,1,0,439.0096469999993,310229.0,621458.0,20744342.0,20541838.0,30634.77380000002,241409.0,19.345828000000008,41.7705090000001,0.5448680000000005,6.150552999999997,229.0681830000001,1.349627000000002,0.17093700000000048,299.22078199999953,16.894797,0.588044,398.0,797.0,24686.0,24477.0,36.2657,293.0,0.027107,0.058942,0.000881,0.009445,0.291805,0.001945,0.000246,0.439764,0.027023,552.0604918003082
baseline,700,30,102990,20.598,1000,0,0,1000,1000,1,0,0,1,0,464.03745400000065,310298.0,621596.0,20760064.0,20558991.0,30657.234699999983,242192.0,19.31652099999999,41.36689699999993,0.5420000000000001,6.142936000000002,245.8992969999999,1.3682450000000002,0.17213299999999973,316.4721540000001,16.873744000000002,0.734845,399.0,799.0,24689.0,24477.0,36.27,315.0,0.02856,0.072278,0.001024,0.010178,0.354094,0.002278,0.000252,0.5716,0.031445,584.7269790172577
section,800,1,116093,23.2186,971,29,29,1000,1000,1,0,0,1,0,233.01823900000002,411553.0,796432.0,23061660.0,22784014.0,28827.081400000003,286921.0,24.06487400000001,9.054704999999997,0.7046569999999994,10.493606999999995,155.9847190000001,2.297118000000003,0.0,63.294660999999905,25.766101999999986,4.56221,15580.0,27852.0,28467.0,28209.0,35.5838,360.0,0.75508,1.65518,0.081556,0.688824,0.644195,0.0186,0.0,2.96766,0.205914,622.9440639019012
section,800,2,116093,23.2186,957,43,43,1000,1000,1,0,0,1,0,224.60201599999994,386082.0,749197.0,22667399.0,22389319.0,28334.26120000001,283517.0,22.38603500000001,6.781013999999994,0.581876,9.488274,153.517905,2.332327999999999,0.0,59.00413099999996,25.762934000000005,0.455825,1375.0,2539.0,27502.0,27142.0,34.3775,354.0,0.059247,0.078271,0.004144,0.051471,0.193515,0.003359,0.0,0.204196,0.044083,771.52880692482
section,800,3,116192,23.2384,953,47,47,1000,1000,1,0,0,1,0,226.97516400000006,389227.0,754962.0,22584614.0,22304071.0,28230.771700000012,283410.0,22.500082999999975,7.045419000000008,0.6072690000000006,9.650319999999978,154.60284999999982,2.282995,0.0,59.83534499999991,26.241391000000018,0.617797,1661.0,3089.0,28623.0,28332.0,35.7788,365.0,0.075446,0.224732,0.01182,0.067438,0.209613,0.00381,0.0,0.37144,0.049985,760.6475579738617
section,800,4,116096,23.2192,948,52,52,1000,1000,1,0,0,1,0,237.82221999999973,428326.0,824499.0,22478458.0,22197579.0,28098.080599999998,282619.0,24.73469400000001,14.280244,0.958856,11.574138000000001,151.59819300000024,2.3950200000000033,0.0,70.82207000000002,27.011820000000032,9.14477,25161.0,46790.0,26682.0,26414.0,33.3525,343.0,1.39963,4.11908,0.204907,1.19139,0.990259,0.030431,0.0,6.55796,0.491335,843.4213931560516
section,800,5,115878,23.1756,949,51,51,1000,1000,1,0,0,1,0,227.38036300000016,403321.0,782182.0,22587235.0,22313259.0,28234.055799999976,280732.0,23.498501000000036,8.697469000000005,0.6888989999999997,10.475433000000008,151.80536399999994,2.290361,0.0,62.16200900000003,25.42505799999998,4.05751,14094.0,27810.0,27449.0,27166.0,34.3113,354.0,0.590006,1.51959,0.070206,0.666673,0.662159,0.017982,0.0,2.8244,0.146352,774.6269612312317
section,800,6,116399,23.2798,941,59,59,1000,1000,1,0,0,1,0,222.0666430000003,389193.0,754119.0,22227101.0,21948376.0,27783.885400000006,280407.0,22.644581000000013,7.444956999999993,0.6151620000000002,9.750988,149.1139019999999,2.342344000000002,0.0,60.28068900000004,26.039761000000013,1.99523,6017.0,11073.0,27150.0,26810.0,33.9375,353.0,0.344787,0.687391,0.033395,0.262508,0.364676,0.009212,0.0,1.27122,0.116334,870.0511448383331
section,800,7,116612,23.3224,941,59,59,1000,1000,1,0,0,1,0,233.82811300000026,409104.0,790190.0,22168187.0,21884088.0,27710.235699999997,282745.0,23.405768000000002,10.172820000000003,0.7532419999999997,10.676003000000001,154.03263399999997,2.3643339999999995,0.0,66.009376,27.025433999999965,5.56754,12160.0,22100.0,27684.0,27351.0,34.605,350.0,0.82592,2.65549,0.127455,0.61462,0.607981,0.016422,0.0,4.03909,0.336282,941.2526500225067
section,800,8,116175,23.235,967,33,33,1000,1000,1,0,0,1,0,233.76646300000004,417462.0,810890.0,22886295.0,22602143.0,28607.871000000017,288024.0,23.631852999999964,8.322076000000003,0.6773410000000011,10.844528999999998,156.10057599999993,2.3811169999999975,0.0,64.00404300000007,26.583139999999997,5.13134,24727.0,48899.0,27791.0,27501.0,34.7388,346.0,0.821942,1.15107,0.06535,1.03543,1.05958,0.029313,0.0,3.14423,0.172526,671.923938035965
section,800,9,116191,23.2382,958,42,42,1000,1000,1,0,0,1,0,228.48722999999973,392537.0,760683.0,22640708.0,22358624.0,28300.891900000024,285293.0,22.632304999999967,7.1491149999999966,0.6156290000000011,9.808053999999988,154.92358599999983,2.3445249999999977,0.0,60.58824800000004,26.264772999999998,0.943127,2251.0,4136.0,28360.0,28095.0,35.45,358.0,0.121384,0.313495,0.014708,0.14204,0.227322,0.00474,0.0,0.544175,0.051542,735.300225019455
section,800,10,115971,23.1942,961,39,39,1000,1000,1,0,0,1,0,237.52728900000008,394789.0,765685.0,22776149.0,22491131.0,28470.192699999952,286770.0,22.65552199999998,7.096302999999992,0.6138409999999999,9.707235999999998,163.877917,2.354002999999998,0.0,61.237533,26.441351999999984,0.689319,2370.0,4555.0,27312.0,26989.0,34.14,347.0,0.099104,0.117672,0.006639,0.099871,0.249858,0.004804,0.0,0.340967,0.045172,729.611221075058
section,800,11,116240,23.248,960,40,40,1000,1000,1,0,0,1,0,228.5926780000001,403719.0,779663.0,22748705.0,22470888.0,28435.887600000053,283166.0,23.042877999999995,8.652299999999997,0.6917,10.238958999999992,153.53425799999977,2.3108509999999995,0.0,62.132579999999955,25.427278999999988,5.38436,17757.0,30726.0,26786.0,26509.0,33.4825,349.0,0.798242,1.99835,0.113202,0.845527,0.810675,0.022678,0.0,3.59694,0.214216,701.6025838851929
section,800,12,116240,23.248,950,50,50,1000,1000,1,0,0,1,0,221.6195439999998,383170.0,743205.0,22510429.0,22232377.0,28138.044400000035,281673.0,22.108366999999998,6.565203000000006,0.573467,9.342316000000006,151.09200500000014,2.2640840000000044,0.0,58.30827200000013,25.484945999999994,0.313792,780.0,1364.0,27766.0,27453.0,34.7075,368.0,0.037123,0.030212,0.001791,0.057562,0.170798,0.00354,0.0,0.11079,0.053686,806.4412410259247
section,800,13,116052,23.2104,956,44,44,1000,1000,1,0,0,1,0,232.19607299999996,402935.0,780300.0,22633607.0,22352069.0,28292.009599999958,284128.0,22.815583999999987,7.7752579999999964,0.6717020000000002,10.256425000000002,156.89800400000018,2.330218000000001,0.0,61.86753099999997,26.18293600000001,3.93087,15535.0,28799.0,26867.0,26576.0,33.5838,344.0,0.662406,1.00877,0.05636,0.699556,0.754507,0.020754,0.0,2.42717,0.185684,758.3055601119995
section,800,14,115838,23.1676,965,35,35,1000,1000,1,0,0,1,0,225.62535499999973,390521.0,758190.0,22893142.0,22610764.0,28616.434999999972,287227.0,22.348272000000005,6.814481000000003,0.5879469999999999,9.684466000000016,152.94398700000008,2.3149610000000003,0.0,59.98241899999989,26.096289999999975,0.297226,536.0,1015.0,28991.0,28712.0,36.2388,354.0,0.031623,0.017715,0.001192,0.060798,0.167354,0.00317,0.0,0.103901,0.049866,668.3275949954987
section,800,15,116128,23.2256,960,40,40,1000,1000,1,0,0,1,0,226.23291800000027,395885.0,768579.0,22734674.0,22454040.0,28418.344200000036,284873.0,22.343794,6.9101350000000075,0.5945880000000002,9.778046999999995,153.60790399999954,2.3098150000000026,0.0,60.06585899999997,25.820605,1.38266,7265.0,14500.0,28138.0,27871.0,35.1725,347.0,0.213078,0.209051,0.011159,0.28935,0.382825,0.009232,0.0,0.729003,0.044776,696.7363986968994
section,800,16,116223,23.2446,964,36,36,1000,1000,1,0,0,1,0,232.33805499999988,394667.0,765547.0,22837454.0,22555529.0,28546.822699999982,285830.0,22.578444999999984,7.112527000000005,0.6098100000000003,9.601250999999978,159.6982819999999,2.305859000000001,0.0,60.311996999999984,25.927243000000026,0.85345,3045.0,5789.0,27536.0,27267.0,34.42,355.0,0.116332,0.258299,0.013687,0.125316,0.251778,0.005242,0.0,0.479472,0.056745,674.7463738918304
section,800,17,116165,23.233,944,56,56,1000,1000,1,0,0,1,0,226.34270400000008,402041.0,778701.0,22400136.0,22124049.0,28000.17490000002,279660.0,23.22968999999999,8.431354999999995,0.6641869999999996,10.311946000000008,150.92173699999972,2.2572440000000005,0.0,62.21504599999995,25.679709999999986,3.99601,15092.0,28998.0,26900.0,26651.0,33.625,373.0,0.677542,1.25643,0.066763,0.662496,0.714151,0.018773,0.0,2.60959,0.140981,891.6429672241211
section,800,18,115929,23.1858,958,42,42,1000,1000,1,0,0,1,0,234.89802299999982,411131.0,798215.0,22762054.0,22485418.0,28452.576499999992,282758.0,23.476698999999975,8.982204000000001,0.7214989999999993,10.595878999999986,157.7279939999998,2.2904579999999988,0.0,63.38788200000001,25.669925999999986,4.64732,17605.0,34782.0,28131.0,27870.0,35.1638,355.0,0.839481,1.50481,0.080048,0.773413,0.75304,0.020817,0.0,3.14143,0.126487,722.7907183170319
section,800,19,116322,23.2644,956,44,44,1000,1000,1,0,0,1,0,220.9621580000003,386775.0,750812.0,22644804.0,22365627.0,28306.007399999988,283353.0,22.154912000000024,6.674010000000005,0.5806050000000001,9.47479399999999,149.8544590000001,2.273110000000001,0.0,58.99726400000007,25.583822000000016,0.545608,1469.0,2761.0,27165.0,26912.0,33.9562,350.0,0.07273,0.128052,0.006389,0.059628,0.198741,0.003701,0.0,0.282608,0.047338,733.979660987854
section,800,20,116316,23.2632,943,57,57,1000,1000,1,0,0,1,0,225.28058499999997,395419.0,766134.0,22325471.0,22049603.0,27906.853300000068,278557.0,22.366765999999984,8.064630999999997,0.7008550000000007,10.036819000000012,151.25932599999993,2.260928999999998,0.0,60.95626099999996,25.733577000000018,1.10625,4060.0,8073.0,26842.0,26561.0,33.5525,340.0,0.151778,0.408417,0.038119,0.183458,0.282084,0.006581,0.0,0.701121,0.059989,876.2667472362518
section,800,21,115975,23.195,974,26,26,1000,1000,1,0,0,1,0,244.79275399999995,456968.0,882066.0,23101854.0,22816874.0,28877.319699999996,289009.0,25.602933999999998,13.050423999999985,0.9044809999999998,12.629375,157.58129499999995,2.3891609999999988,0.0,70.99263100000005,26.736681,6.27128,24623.0,47543.0,27346.0,27056.0,34.1825,343.0,0.951854,2.82108,0.138974,1.04783,0.975936,0.028337,0.0,4.37042,0.30722,628.8862268924713
section,800,22,116042,23.2084,961,39,39,1000,1000,1,0,0,1,0,224.40587700000006,387871.0,752095.0,22842843.0,22567882.0,28553.559300000048,283384.0,22.419615000000004,6.904815999999997,0.5939459999999995,9.607549000000013,152.96024700000012,2.2712860000000026,0.0,58.82334699999999,25.30041799999999,1.11874,3761.0,6308.0,26762.0,26410.0,33.4525,339.0,0.194932,0.232942,0.012442,0.162059,0.328919,0.006808,0.0,0.61668,0.051686,694.6022081375122
section,800,23,116120,23.224,960,40,40,1000,1000,1,0,0,1,0,221.41459700000036,382427.0,742873.0,22808141.0,22533034.0,28510.177500000013,282044.0,22.061276999999976,6.457349999999994,0.5645259999999994,9.227997000000006,151.3443559999999,2.2741510000000016,0.0,57.826087999999984,25.20184599999999,0.531988,1668.0,3010.0,27712.0,27404.0,34.64,354.0,0.05722,0.082976,0.004829,0.074554,0.201292,0.004376,0.0,0.224887,0.051891,707.8690280914307
section,800,24,116226,23.2452,958,42,42,1000,1000,1,0,0,1,0,228.41459900000012,407737.0,788926.0,22667458.0,22388252.0,28334.32929999999,284598.0,22.574030999999987,7.7473090000000004,0.638945000000001,10.340510000000014,153.51611799999975,2.291707000000005,0.0,61.503092999999986,25.896503999999997,4.50969,21543.0,39394.0,27890.0,27638.0,34.8625,357.0,0.586208,1.13134,0.063048,0.937084,0.892,0.025264,0.0,2.50689,0.128774,725.0255169868469
section,800,25,116319,23.2638,958,42,42,1000,1000,1,0,0,1,0,226.337657,391218.0,759069.0,22661797.0,22382046.0,28327.25460000004,284566.0,22.293736999999997,7.036497000000006,0.5939470000000003,9.638292999999999,154.04685100000012,2.277754,0.0,59.89401599999996,25.82641199999997,1.32328,4801.0,8996.0,28190.0,27900.0,35.2375,347.0,0.245872,0.335738,0.015636,0.204822,0.312612,0.007132,0.0,0.784605,0.047292,724.5466568470001
section,800,26,116150,23.23,954,46,46,1000,1000,1,0,0,1,0,237.8987579999997,390370.0,756742.0,22610977.0,22326733.0,28263.72250000001,285138.0,22.240943000000026,6.9304410000000045,0.6191019999999997,9.933559000000004,164.6747449999998,2.348538000000001,0.0,60.30747300000006,26.427222000000032,0.301281,537.0,1027.0,28378.0,28099.0,35.4725,355.0,0.030377,0.017227,0.001214,0.05591,0.196941,0.003469,0.0,0.103972,0.047597,824.8998780250549
section,800,27,116073,23.2146,970,30,30,1000,1000,1,0,0,1,0,230.88393599999984,389479.0,756041.0,22992374.0,22712725.0,28740.478399999964,286844.0,22.25571100000002,6.600940999999999,0.5893670000000002,9.417137000000011,159.5723039999998,2.281008000000003,0.0,58.85832599999997,25.659975999999993,0.425968,1197.0,2188.0,27655.0,27393.0,34.5688,346.0,0.053444,0.055811,0.003234,0.055971,0.197729,0.003467,0.0,0.182261,0.048236,614.5384578704834
section,800,28,116642,23.3284,965,35,35,1000,1000,1,0,0,1,0,240.0079960000001,427384.0,826697.0,22833971.0,22553230.0,28542.464500000035,286784.0,23.946246999999993,12.285995999999999,0.8934779999999998,11.339659999999999,157.32905499999995,2.3295699999999973,0.0,68.33091000000003,26.37801199999999,8.69905,19835.0,36742.0,26692.0,26437.0,33.365,349.0,1.09548,4.55704,0.238005,0.888839,0.933899,0.025768,0.0,6.63392,0.442881,700.1865148544312
section,800,29,116224,23.2448,946,54,54,1000,1000,1,0,0,1,0,235.32240100000013,422048.0,815492.0,22404160.0,22124806.0,28005.204899999997,281381.0,23.410065000000003,9.083924,0.7214860000000001,11.336668000000001,156.0616340000001,2.299805000000003,0.0,64.52593300000005,26.379099999999987,4.39557,20521.0,37748.0,27826.0,27479.0,34.7825,350.0,0.864478,0.900115,0.049501,0.90324,0.932651,0.028958,0.0,2.45655,0.147478,863.2539019584656
section,800,30,115989,23.1978,946,54,54,1000,1000,1,0,0,1,0,224.79669999999976,400855.0,774164.0,22482924.0,22206696.0,28103.66519999998,278580.0,22.399745,7.461910000000004,0.6334710000000006,10.146917000000016,151.3186750000002,2.2252240000000016,0.0,60.045110000000044,25.324810999999983,4.15443,19431.0,33928.0,28661.0,28375.0,35.8263,353.0,0.578397,0.829676,0.041302,0.913604,0.888853,0.024275,0.0,1.9865,0.11882,813.4275848865509
baseline,800,1,115895,23.179,1000,0,0,1000,1000,1,0,0,1,0,660.8309370000001,413044.0,827088.0,23781737.0,23498811.0,30727.17159999999,309567.0,24.581637000000025,60.42611099999999,0.7195330000000004,10.179661999999999,336.4783140000006,2.1150950000000006,0.255136,476.3473960000001,28.529885999999973,0.890786,490.0,981.0,28048.0,27782.0,36.06,364.0,0.033453,0.084203,0.001085,0.014477,0.431177,0.003052,0.00035,0.701237,0.043365,810.0310561656952
baseline,800,2,115965,23.193,1000,0,0,1000,1000,1,0,0,1,0,665.5978740000004,416769.0,834538.0,23741488.0,23455414.0,30676.861400000016,312582.0,24.521944999999974,63.240085999999906,0.753421,10.353068000000006,336.5321280000004,2.1477450000000022,0.25707199999999997,481.98254999999995,29.02191499999999,0.969214,502.0,1005.0,27215.0,26949.0,35.0187,367.0,0.035443,0.097638,0.001351,0.014446,0.462381,0.003102,0.000352,0.781771,0.043573,813.1123869419098
baseline,800,3,115887,23.1774,1000,0,0,1000,1000,1,0,0,1,0,660.0575479999998,418614.0,838228.0,23736255.0,23448475.0,30670.317899999984,312479.0,25.077059999999985,64.53288100000012,0.7435919999999999,10.655661000000011,330.7354919999998,2.1911319999999987,0.2590959999999999,477.9343420000006,29.89318700000001,0.925098,535.0,1071.0,28031.0,27781.0,36.0388,376.0,0.035209,0.10146,0.00152,0.018068,0.426752,0.003591,0.000373,0.728927,0.053186,805.1449217796326
baseline,800,4,116202,23.2404,1000,0,0,1000,1000,1,0,0,1,0,674.286803,416639.0,834278.0,23711444.0,23425090.0,30639.304500000002,312507.0,24.770428999999965,63.86974799999998,0.7772799999999999,10.54763699999999,340.57566399999956,2.180656,0.2623939999999999,487.17581799999954,29.554252999999974,0.876762,509.0,1019.0,27268.0,26971.0,35.085,372.0,0.032976,0.093004,0.001152,0.01496,0.421469,0.003124,0.000352,0.682664,0.042493,824.4902658462524
baseline,800,5,115684,23.1368,1000,0,0,1000,1000,1,0,0,1,0,686.6473179999999,410433.0,821866.0,23847683.0,23567131.0,30809.603799999957,309240.0,24.671427000000023,62.80365900000003,0.7720560000000017,10.22942499999999,351.5016860000005,2.1328969999999994,0.25656599999999996,494.0137260000001,28.748823999999967,0.943359,523.0,1047.0,27991.0,27722.0,35.9888,360.0,0.033706,0.093583,0.001281,0.016177,0.462835,0.003004,0.000349,0.752696,0.045343,842.5892720222473
baseline,800,6,116210,23.242,1000,0,0,1000,1000,1,0,0,1,0,669.08139,420996.0,842992.0,23626796.0,23335765.0,30533.49630000005,315072.0,25.01575500000005,65.42920100000008,0.7943850000000005,10.771286999999985,334.9126499999995,2.2477649999999962,0.2630379999999999,485.93522199999995,30.571312000000013,0.997465,516.0,1033.0,27209.0,26954.0,35.0112,373.0,0.03771,0.108533,0.001507,0.016139,0.464001,0.003254,0.000362,0.80574,0.046243,815.2748680114746
baseline,800,7,116624,23.3248,1000,0,0,1000,1000,1,0,0,1,0,711.4294070000003,422918.0,846836.0,23547027.0,23253872.0,30433.78530000005,315880.0,24.774202999999986,64.32679800000005,0.8134250000000004,10.630450000000003,362.8508100000001,2.2242629999999988,0.26542399999999994,517.9576459999998,29.971077,1.0817,527.0,1055.0,27263.0,26978.0,35.0787,369.0,0.035427,0.107185,0.001455,0.016223,0.513579,0.003469,0.000347,0.884586,0.044805,868.1233348846436
baseline,800,8,115967,23.1934,1000,0,0,1000,1000,1,0,0,1,0,666.6397900000001,418502.0,838004.0,23704147.0,23415548.0,30630.18340000001,312035.0,24.54545599999999,63.135282,0.7727559999999997,10.438414999999996,336.7918539999993,2.1488200000000033,0.25564099999999973,482.9901290000002,29.179788000000013,0.890205,504.0,1009.0,28205.0,27946.0,36.2563,364.0,0.031562,0.08775,0.001271,0.014877,0.42411,0.002943,0.00034,0.699347,0.042584,813.991791009903
baseline,800,9,116181,23.2362,1000,0,0,1000,1000,1,0,0,1,0,666.713786,418814.0,838628.0,23664544.0,23375847.0,30580.6809,312452.0,24.645144999999975,63.77070500000006,0.777461000000001,10.463043999999998,336.10982500000046,2.1542150000000007,0.2611790000000002,483.367596,29.36430600000002,0.859645,512.0,1025.0,27821.0,27578.0,35.7762,364.0,0.031515,0.084754,0.00124,0.015522,0.411071,0.002856,0.000339,0.667741,0.040139,813.6150760650635
baseline,800,10,115920,23.184,1000,0,0,1000,1000,1,0,0,1,0,673.4030380000012,420968.0,842936.0,23678369.0,23387262.0,30597.962999999992,314961.0,24.640679000000006,64.05823100000003,0.811632,10.590760000000003,339.157047,2.193550000000001,0.2658299999999999,489.2153459999991,29.88778699999999,0.911684,517.0,1035.0,27731.0,27462.0,35.6638,364.0,0.031592,0.091765,0.001273,0.017082,0.434349,0.003396,0.00039,0.726927,0.048702,821.2071568965912
baseline,800,11,115857,23.1714,1000,0,0,1000,1000,1,0,0,1,0,655.7175299999998,418565.0,838130.0,23751015.0,23464493.0,30688.76930000001,313037.0,24.713229999999985,63.04697600000007,0.759642,10.41040000000001,330.08685000000014,2.1572300000000024,0.26244200000000006,474.8138479999998,29.221808000000028,1.00778,509.0,1019.0,26852.0,26604.0,34.565,363.0,0.037102,0.102261,0.001308,0.014935,0.477038,0.003162,0.000352,0.812606,0.043012,800.2917070388794
baseline,800,12,115872,23.1744,1000,0,0,1000,1000,1,0,0,1,0,657.3512299999996,414610.0,830220.0,23764934.0,23480475.0,30706.166200000054,310410.0,24.480137000000017,62.83642300000001,0.7795839999999999,10.221940000000004,332.2599250000004,2.1216830000000018,0.25538799999999984,474.88872899999996,28.836608999999978,0.915464,494.0,989.0,27995.0,27734.0,35.9937,371.0,0.032079,0.094942,0.001453,0.014772,0.437041,0.003008,0.000336,0.728476,0.042909,803.6405439376831
baseline,800,13,115987,23.1974,1000,0,0,1000,1000,1,0,0,1,0,661.9338009999991,418727.0,838454.0,23726214.0,23438233.0,30657.765100000022,311487.0,24.638236999999993,63.538869000000034,0.7856669999999993,10.406729000000011,333.2009479999994,2.173404999999998,0.2627209999999997,479.81947500000007,29.32057099999999,0.856355,510.0,1021.0,26598.0,26372.0,34.2475,368.0,0.031834,0.089321,0.001206,0.014431,0.409579,0.003042,0.00036,0.670659,0.043821,807.4931871891022
baseline,800,14,116298,23.2596,1000,0,0,1000,1000,1,0,0,1,0,678.5435329999999,415161.0,831322.0,23667155.0,23384057.0,30583.943100000033,311908.0,24.643198999999967,62.914034999999956,0.7297510000000001,10.403304999999996,345.3002669999998,2.1485059999999994,0.25395200000000007,489.5410170000006,29.042318999999985,0.835843,502.0,1005.0,28950.0,28705.0,37.1875,371.0,0.03163,0.084312,0.001035,0.015388,0.411226,0.002923,0.000338,0.642043,0.041263,831.0372638702393
baseline,800,15,116126,23.2252,1000,0,0,1000,1000,1,0,0,1,0,670.5903070000011,422070.0,845140.0,23638596.0,23347075.0,30548.244699999985,314880.0,25.243979000000017,65.06831100000007,0.7498979999999991,10.688966000000015,335.97456600000066,2.2087059999999976,0.265023,487.52216000000027,30.189632999999994,0.985958,501.0,1003.0,27822.0,27543.0,35.7775,369.0,0.033801,0.099022,0.001372,0.016023,0.468914,0.003079,0.000358,0.793775,0.045822,816.6075348854065
baseline,800,16,116035,23.207,1000,0,0,1000,1000,1,0,0,1,0,683.2064859999989,421588.0,844176.0,23744545.0,23452031.0,30680.68280000003,314383.0,25.16439000000003,65.27661100000006,0.8140559999999992,10.705324000000003,343.9983170000002,2.2108480000000017,0.2646889999999997,496.9645500000002,30.29745800000002,1.07143,535.0,1071.0,27238.0,26987.0,35.0475,384.0,0.038812,0.110603,0.00179,0.017073,0.515738,0.003475,0.000378,0.888368,0.050848,832.5104687213898
baseline,800,17,116177,23.2354,1000,0,0,1000,1000,1,0,0,1,0,700.0029890000018,415012.0,831024.0,23730640.0,23446299.0,30663.29999999997,311354.0,24.543919999999975,63.40227400000002,0.8201379999999999,10.287410000000014,358.20180500000015,2.1900609999999983,0.2732880000000001,506.34272100000004,28.998717999999997,0.939654,505.0,1011.0,27038.0,26732.0,34.7975,360.0,0.03266,0.091295,0.001368,0.015622,0.456127,0.003147,0.00036,0.741002,0.044639,857.5252509117126
baseline,800,18,116147,23.2294,1000,0,0,1000,1000,1,0,0,1,0,687.4934150000008,414717.0,830434.0,23686256.0,23402547.0,30607.821399999997,311284.0,24.395917,62.552175000000005,0.735376000000001,10.296954999999993,351.60095599999966,2.134162000000002,0.2567639999999996,496.3459009999998,28.951260000000005,0.906259,512.0,1025.0,28400.0,28189.0,36.5,364.0,0.032552,0.08592,0.00112,0.01564,0.440502,0.003022,0.000354,0.707683,0.04714,842.7198610305786
baseline,800,19,115878,23.1756,1000,0,0,1000,1000,1,0,0,1,0,670.1299740000007,423587.0,848174.0,23680115.0,23387545.0,30600.143400000004,315517.0,24.724563000000003,64.44124799999992,0.7972410000000003,10.559544000000002,336.4095340000004,2.2017349999999998,0.2621749999999998,487.80538300000063,30.005344000000033,0.951418,517.0,1035.0,27231.0,26990.0,35.0388,380.0,0.034563,0.098484,0.001386,0.015231,0.447668,0.003237,0.00037,0.763734,0.045806,816.2486662864685
baseline,800,20,116017,23.2034,1000,0,0,1000,1000,1,0,0,1,0,676.4084640000003,423993.0,848986.0,23704014.0,23409295.0,30630.018299999945,315370.0,25.053973000000006,65.316898,0.7973399999999992,10.709519000000011,339.03329099999974,2.204942,0.25813299999999995,493.6119209999996,30.34010700000001,1.02892,529.0,1059.0,27293.0,27020.0,35.1163,379.0,0.035616,0.106639,0.001471,0.016493,0.478337,0.003399,0.000367,0.837475,0.052115,822.9285769462585
baseline,800,21,115820,23.164,1000,0,0,1000,1000,1,0,0,1,0,752.3387690000002,422269.0,845538.0,23714900.0,23422240.0,30643.624299999985,315496.0,24.99373900000001,62.97710400000005,0.789455,10.583643999999989,389.2352950000005,2.2505750000000027,0.27642200000000006,548.3227990000004,30.128589999999985,1.00049,521.0,1043.0,27012.0,26713.0,34.765,371.0,0.033418,0.093358,0.001212,0.015771,0.494925,0.003259,0.000368,0.793818,0.046904,920.9845771789551
baseline,800,22,116013,23.2026,1000,0,0,1000,1000,1,0,0,1,0,744.6856109999993,412611.0,826222.0,23770805.0,23489645.0,30713.503600000022,310958.0,24.515699000000016,62.15206100000001,0.8246720000000004,10.074083000000014,389.265168,2.1864510000000004,0.28064899999999987,536.8103239999995,28.412902999999957,1.1113,510.0,1021.0,27265.0,26920.0,35.0812,375.0,0.033626,0.104705,0.001377,0.014602,0.538358,0.003036,0.000374,0.912916,0.043551,916.5014431476593
baseline,800,23,115800,23.16,1000,0,0,1000,1000,1,0,0,1,0,735.158333,414463.0,829926.0,23794692.0,23511408.0,30743.36570000004,311097.0,24.61635100000001,62.31542600000002,0.7653589999999995,10.131935999999994,382.06285199999957,2.158639000000001,0.2566659999999999,531.4168639999991,28.613278000000005,1.22901,498.0,997.0,28059.0,27801.0,36.0737,360.0,0.038967,0.110785,0.001189,0.015704,0.602153,0.00343,0.00036,1.01998,0.045433,903.0672161579132
baseline,800,24,116213,23.2426,1000,0,0,1000,1000,1,0,0,1,0,677.3477250000012,418499.0,837998.0,23708146.0,23419895.0,30635.1836,313738.0,25.028462999999956,64.05666499999992,0.7975749999999988,10.483609999999995,342.2495770000002,2.199976999999999,0.26144499999999987,490.94812999999976,29.710575999999964,0.889034,495.0,991.0,27562.0,27290.0,35.4525,385.0,0.033613,0.087746,0.001199,0.015722,0.42541,0.003087,0.000337,0.695614,0.044024,827.2515778541565
baseline,800,25,116056,23.2112,1000,0,0,1000,1000,1,0,0,1,0,662.3016300000008,419156.0,839312.0,23687171.0,23398400.0,30608.96330000004,313104.0,24.999180999999965,64.08902199999997,0.743477000000001,10.456663000000011,332.4956329999999,2.1811119999999997,0.25724399999999986,480.06150900000057,29.871561000000042,0.873259,522.0,1045.0,27607.0,27367.0,35.5087,369.0,0.03273,0.090514,0.001123,0.017719,0.412569,0.003498,0.000354,0.684435,0.051857,808.2453768253326
baseline,800,26,116128,23.2256,1000,0,0,1000,1000,1,0,0,1,0,697.3711139999998,418714.0,838428.0,23676857.0,23388185.0,30596.070699999935,313303.0,24.850137999999955,64.3795999999999,0.8031730000000007,10.54481600000001,353.1954989999998,2.197552999999999,0.2615690000000001,505.61602899999974,29.808828999999996,1.0866,535.0,1071.0,28070.0,27761.0,36.0875,359.0,0.037131,0.104222,0.001501,0.019233,0.516108,0.00321,0.000361,0.887319,0.04634,852.6346189975739
baseline,800,27,115774,23.1548,1000,0,0,1000,1000,1,0,0,1,0,661.1061539999998,414448.0,829896.0,23773716.0,23489607.0,30717.144100000038,309875.0,24.69286100000003,62.70186099999999,0.7328150000000009,10.270182999999996,334.656168,2.1351130000000027,0.255655,476.9857310000004,28.821202000000007,0.88933,503.0,1007.0,27344.0,27097.0,35.18,364.0,0.032023,0.085896,0.001219,0.015605,0.42896,0.003084,0.000346,0.696894,0.045515,808.9227290153503
baseline,800,28,116420,23.284,1000,0,0,1000,1000,1,0,0,1,0,664.2384250000002,417152.0,835304.0,23641469.0,23355421.0,30551.835299999984,313102.0,24.76544199999997,63.0749129999999,0.7867689999999998,10.40807099999999,335.18740499999996,2.175985,0.2575459999999999,480.3406690000004,29.355833999999998,0.890991,516.0,1033.0,27088.0,26839.0,34.86,368.0,0.032539,0.087569,0.001205,0.015454,0.429185,0.003211,0.000347,0.700184,0.049113,811.4268231391907
baseline,800,29,116080,23.216,1000,0,0,1000,1000,1,0,0,1,0,733.9660100000003,417078.0,835156.0,23719147.0,23432256.0,30648.93450000004,312382.0,24.24526399999998,61.987572999999934,0.8123670000000003,10.015517000000001,380.8743570000004,2.158769,0.25666400000000034,531.9455839999998,28.551909000000002,1.16174,538.0,1077.0,27027.0,26756.0,34.7837,373.0,0.037097,0.107405,0.00161,0.015832,0.557091,0.003346,0.000374,0.95351,0.050567,899.5247852802277
baseline,800,30,115750,23.15,1000,0,0,1000,1000,1,0,0,1,0,701.4882289999995,420490.0,841980.0,23781410.0,23491709.0,30726.76430000002,313697.0,24.50233600000002,62.31868099999993,0.7611600000000002,10.107034999999987,359.2510060000003,2.1521060000000025,0.261338,509.8781649999998,28.849960000000053,0.998705,488.0,977.0,27996.0,27724.0,35.995,372.0,0.03394,0.091019,0.001175,0.01379,0.495172,0.002886,0.00036,0.796068,0.040185,856.9720387458801
